id,offense,total,white,black,american_indian,asian,year
8559134,Murder and nonnegligent manslaughter,20040,10380,9360,160,150,1980
6322404,Forcible rape,31380,16140,14760,280,200,1980
5178640,Robbery,146270,60410,84140,780,950,1980
526117,Aggravated assault,277470,174800,98150,3140,1380,1980
7758101,Burglary,513300,360720,145830,3970,2780,1980
1427592,Larceny-theft,1191900,809930,358080,12110,11780,1980
3579035,Motor vehicle theft,138300,94910,40640,1430,1320,1980
9196533,Arson,19800,15660,3950,110,80,1980
915316,Other assaults,488600,329120,152490,4460,2520,1980
8961657,Forgery and counterfeiting,78200,52700,24770,460,280,1980
4476091,Fraud,291500,201080,88150,1460,810,1980
3304492,Embezzlement,8500,6370,2060,40,40,1980
5779673,Stolen property (buying or receiving or possessing),123200,84460,37560,730,450,1980
4186586,Vandalism,250500,209180,38160,2190,970,1980
9554243,Weapons (carrying or possessing or etc.),166700,105300,59300,1050,1050,1980
9802480,Prostitution and commercialized vice,88900,40200,47460,470,770,1980
8217411,Sex offenses (except forcible rape and prostitution),67400,53020,13330,620,440,1980
826,Drug abuse violations,580900,440690,135160,2560,2490,1980
6403368,Gambling,87000,26160,57780,340,2720,1980
1988595,Offenses against family and children,55400,35190,19420,710,90,1980
846572,Driving under the influence,1426700,1242230,160770,17280,6420,1980
9631842,Liquor laws,463500,425060,29850,7260,1330,1980
1063693,Drunkenness,1125800,920030,172630,31290,1850,1980
3550858,Disorderly conduct,769700,523530,232650,11700,1830,1980
7976321,Vagrancy,30700,20340,9550,630,180,1980
1793585,All other offenses,1775500,1290780,452600,16370,15760,1980
9567365,Curfew and loitering law violations,70700,57380,11840,1060,430,1980
8731359,Murder and nonnegligent manslaughter,21590,10900,10400,140,160,1981
9952011,Forcible rape,31710,16050,15210,220,230,1981
2183705,Robbery,153890,59440,92770,720,950,1981
4863707,Aggravated assault,283270,175550,103570,2530,1630,1981
29028,Burglary,518900,356640,155680,3510,3080,1981
7907305,Larceny-theft,1261600,836020,402020,10780,12780,1981
9736313,Motor vehicle theft,129200,87730,39240,1130,1110,1981
7321853,Arson,20600,16220,4140,140,100,1981
9557051,Other assaults,494200,327570,159270,4200,3160,1981
8137490,Forgery and counterfeiting,86600,55120,30760,420,300,1981
3399660,Fraud,295100,202040,90660,1440,960,1981
4123517,Embezzlement,8700,6460,2140,40,70,1981
2680702,Stolen property (buying or receiving or possessing),129500,84900,43440,660,500,1981
3833579,Vandalism,242600,197110,42490,1880,1120,1981
5374102,Weapons (carrying or possessing or etc.),179700,112070,65610,910,1110,1981
5290386,Prostitution and commercialized vice,106600,52720,52430,390,1060,1981
2883700,Sex offenses (except forcible rape and prostitution),72000,56200,14650,640,520,1981
754625,Drug abuse violations,559900,414160,140420,2300,3030,1981
9724202,Gambling,40700,13590,25890,30,1190,1981
1834704,Offenses against family and children,56500,35210,20620,590,70,1981
4945856,Driving under the influence,1531400,1342740,164250,16650,7760,1981
2566121,Liquor laws,483500,438060,36150,7380,1910,1981
1069890,Drunkenness,1155400,954150,170760,28660,1830,1981
4578274,Disorderly conduct,787100,499510,276940,8160,2500,1981
9462149,Vagrancy,33000,23080,9240,490,190,1981
1035192,All other offenses,1908700,1349760,529540,13770,15630,1981
6665098,Curfew and loitering law violations,94800,68270,25440,540,550,1981
554251,Murder and nonnegligent manslaughter,21810,10950,10500,180,170,1982
5493058,Forcible rape,33600,16850,16180,330,250,1982
6048729,Robbery,157630,61670,94190,740,1030,1982
6588249,Aggravated assault,313150,190890,117580,2950,1730,1982
7587728,Burglary,527100,359370,160790,3830,3110,1982
9708288,Larceny-theft,1368100,898440,443510,11910,14240,1982
508462,Motor vehicle theft,129100,88350,38500,1230,1010,1982
997612,Arson,20500,15460,4790,180,70,1982
6645273,Other assaults,543400,353350,181830,4780,3440,1982
9770761,Forgery and counterfeiting,97300,62700,33750,540,310,1982
5557399,Fraud,334400,226240,105590,1740,840,1982
445415,Embezzlement,9000,6780,2100,40,80,1982
5850196,Stolen property (buying or receiving or possessing),137500,87810,48530,680,480,1982
6905048,Vandalism,245700,198890,43610,1960,1240,1982
2304896,Weapons (carrying or possessing or etc.),193500,122330,69010,1090,1070,1982
5098235,Prostitution and commercialized vice,121200,61810,57870,500,1020,1982
9679490,Sex offenses (except forcible rape and prostitution),78800,61860,15700,740,500,1982
7604131,Drug abuse violations,676000,492610,176960,2800,3630,1982
7243093,Gambling,41200,14890,24750,40,1530,1982
1377123,Offenses against family and children,58700,37190,20880,530,100,1982
1789992,Driving under the influence,1778400,1561910,188510,18620,9360,1982
7250707,Liquor laws,501200,446800,43350,9040,2010,1982
9885245,Drunkenness,1262100,1042190,190550,27380,1980,1982
9497,Disorderly conduct,895500,547970,337350,7850,2320,1982
165512,Vagrancy,36800,24000,12060,550,190,1982
9063967,All other offenses,2324100,1567760,723560,16480,16300,1982
2806951,Curfew and loitering law violations,91100,63840,26060,550,650,1982
7775792,Murder and nonnegligent manslaughter,20310,10230,9790,140,160,1983
8833248,Forcible rape,34080,17480,16150,260,190,1983
230065,Robbery,146170,54310,90160,820,880,1983
6234134,Aggravated assault,298830,180190,114200,2710,1730,1983
6337427,Burglary,475800,325910,143940,3380,2570,1983
1266991,Larceny-theft,1315000,863510,426190,11910,13390,1983
3334278,Motor vehicle theft,119400,80490,36850,1030,1040,1983
1597006,Arson,19800,15190,4380,150,80,1983
5448634,Other assaults,547500,353480,185990,4550,3480,1983
6776272,Forgery and counterfeiting,85600,55900,28830,490,390,1983
5285066,Fraud,309800,208980,98290,1450,1080,1983
1057187,Embezzlement,8800,6420,2260,30,80,1983
4583206,Stolen property (buying or receiving or possessing),127700,81320,45180,750,460,1983
2674689,Vandalism,243500,193840,46500,2010,1150,1983
7805087,Weapons (carrying or possessing or etc.),179600,113490,64150,900,1060,1983
2915480,Prostitution and commercialized vice,125600,65770,58070,450,1310,1983
6548260,Sex offenses (except forcible rape and prostitution),87000,68200,17480,810,520,1983
1827366,Drug abuse violations,661400,464300,190340,2600,4160,1983
3261412,Gambling,41000,14680,24690,40,1590,1983
6020751,Offenses against family and children,56300,34730,20950,500,120,1983
9010601,Driving under the influence,1921100,1698770,195470,18500,8360,1983
7296565,Liquor laws,498300,444470,42150,8870,2810,1983
7117004,Drunkenness,1115200,907870,181360,24050,1930,1983
9825706,Disorderly conduct,757400,486750,259990,8250,2410,1983
5027315,Vagrancy,33700,22110,10820,560,220,1983
3236173,All other offenses,2267900,1529510,702370,16090,19940,1983
3607751,Curfew and loitering law violations,75000,53200,20740,540,530,1983
573283,Murder and nonnegligent manslaughter,17770,9280,8250,120,130,1984
1650709,Forcible rape,36700,19180,17040,280,200,1984
3929892,Robbery,138630,51240,85980,600,810,1984
4384154,Aggravated assault,300860,179970,116630,2560,1710,1984
8247748,Burglary,433600,300260,127740,3340,2260,1984
6468743,Larceny-theft,1291700,849460,417460,13230,11550,1984
924601,Motor vehicle theft,121200,81070,38140,1100,900,1984
803981,Arson,19000,14600,4120,150,120,1984
3387472,Other assaults,527000,337920,181050,4890,3140,1984
5545619,Forgery and counterfeiting,82400,55100,26540,430,330,1984
1579515,Fraud,270700,184950,83460,1210,1090,1984
9322015,Embezzlement,8100,5850,2170,30,60,1984
7631785,Stolen property (buying or receiving or possessing),123100,77200,44730,650,530,1984
2643208,Vandalism,245900,194390,48140,2060,1320,1984
1033406,Weapons (carrying or possessing or etc.),177500,112900,62640,860,1100,1984
5995252,Prostitution and commercialized vice,112200,57280,53220,470,1240,1984
6962145,Sex offenses (except forcible rape and prostitution),97800,77360,19020,780,640,1984
8832496,Drug abuse violations,708400,491970,209730,3010,3690,1984
3586268,Gambling,34700,14110,19330,30,1230,1984
506708,Offenses against family and children,44300,29230,14620,360,90,1984
1998308,Driving under the influence,1779400,1577230,176320,16750,9100,1984
3645260,Liquor laws,505500,441500,51770,9420,2820,1984
8798483,Drunkenness,1152300,936560,189080,24850,1820,1984
2308208,Disorderly conduct,665900,444070,211230,8280,2320,1984
5423026,Vagrancy,29100,18670,9610,490,320,1984
3769709,All other offenses,2406900,1634350,733380,20150,19010,1984
2229652,Curfew and loitering law violations,86600,62230,22870,580,930,1984
1492346,Murder and nonnegligent manslaughter,18330,9140,8920,140,130,1985
2634210,Forcible rape,36970,19300,17180,280,200,1985
2959800,Robbery,136870,50970,84550,610,730,1985
670930,Aggravated assault,305390,179440,121040,3040,1880,1985
4826053,Burglary,443300,309240,127700,3620,2750,1985
8061413,Larceny-theft,1348400,895930,423130,15670,13680,1985
7306526,Motor vehicle theft,133900,87770,43620,1330,1180,1985
6968807,Arson,19500,14810,4380,190,110,1985
3012951,Other assaults,637600,408970,217980,6510,4150,1985
6233811,Forgery and counterfeiting,87600,59340,27270,590,400,1985
3310397,Fraud,342600,232040,107650,1610,1300,1985
94952,Embezzlement,11400,8090,3140,60,110,1985
8698987,Stolen property (buying or receiving or possessing),127100,79920,45770,770,640,1985
3649831,Vandalism,259600,202930,52580,2460,1640,1985
2297949,Weapons (carrying or possessing or etc.),180900,117190,61340,990,1380,1985
1985858,Prostitution and commercialized vice,113800,58980,53120,530,1170,1985
5995547,Sex offenses (except forcible rape and prostitution),100600,78450,20670,840,640,1985
4773901,Drug abuse violations,811400,557700,245150,3710,4850,1985
3641035,Gambling,32100,13600,17010,30,1470,1985
3857665,Offenses against family and children,58800,37620,20350,640,190,1985
1366579,Driving under the influence,1788400,1585820,171090,20380,11110,1985
3073723,Liquor laws,548600,464550,67620,12080,4350,1985
966258,Drunkenness,964800,777610,162660,22760,1760,1985
1195694,Disorderly conduct,671700,444250,216500,8440,2520,1985
2610961,Vagrancy,33800,23200,9440,1000,160,1985
5911853,All other offenses,2489200,1650890,798050,21970,18280,1985
82843,Curfew and loitering law violations,81500,60990,18590,750,1170,1985
8424855,Murder and nonnegligent manslaughter,19190,9500,9370,180,140,1986
7368651,Forcible rape,37140,19200,17460,290,200,1986
318249,Robbery,145800,53090,91320,670,720,1986
4710821,Aggravated assault,351770,207700,138970,3070,2030,1986
1386227,Burglary,450600,309980,134320,3510,2790,1986
5088918,Larceny-theft,1400200,936150,435140,15280,13640,1986
5195867,Motor vehicle theft,153600,95690,55310,1350,1250,1986
6257374,Arson,18700,14110,4410,90,80,1986
8176769,Other assaults,711000,455060,244850,6650,4440,1986
6721209,Forgery and counterfeiting,92200,61400,29820,510,460,1986
4349241,Fraud,349300,233830,112750,1540,1190,1986
6867728,Embezzlement,12600,8890,3570,50,90,1986
6653227,Stolen property (buying or receiving or possessing),135800,83770,50620,770,640,1986
4523969,Vandalism,259600,201900,53650,2350,1700,1986
3876408,Weapons (carrying or possessing or etc.),190500,121270,67020,910,1300,1986
767988,Prostitution and commercialized vice,112600,65030,46110,510,950,1986
9957992,Sex offenses (except forcible rape and prostitution),100600,77910,21180,950,560,1986
334018,Drug abuse violations,824100,543520,273380,3520,3680,1986
6927397,Gambling,30500,14280,15340,20,860,1986
7520824,Offenses against family and children,58400,38690,18800,650,260,1986
9793754,Driving under the influence,1793300,1589930,173990,19610,9780,1986
4398832,Liquor laws,600200,527580,57910,11570,3150,1986
8607915,Drunkenness,933900,746440,162170,23300,1990,1986
2230924,Disorderly conduct,676400,445760,221130,7300,2220,1986
855468,Vagrancy,38700,26100,11170,1220,220,1986
8446352,All other offenses,2730500,1786070,898850,23040,22550,1986
3894753,Curfew and loitering law violations,86200,66330,17950,660,1260,1986
1965690,Murder and nonnegligent manslaughter,19200,9080,9790,160,180,1987
8822289,Forcible rape,36310,18690,17060,360,210,1987
6051704,Robbery,138290,50240,86590,640,820,1987
1829809,Aggravated assault,352450,207750,138860,3600,2240,1987
4697585,Burglary,443400,301870,134660,3870,3000,1987
8618743,Larceny-theft,1469200,978060,459460,15930,15750,1987
557497,Motor vehicle theft,169300,103050,63000,1570,1680,1987
9972521,Arson,18000,13340,4360,170,130,1987
6928147,Other assaults,787200,494710,277510,9440,5540,1987
9273596,Forgery and counterfeiting,93900,62090,30810,530,470,1987
5814098,Fraud,341900,226890,112260,1460,1290,1987
4115913,Embezzlement,12700,8750,3810,60,80,1987
8819638,Stolen property (buying or receiving or possessing),139300,84570,53190,830,710,1987
6636465,Vandalism,273500,209120,59540,2830,2020,1987
7828580,Weapons (carrying or possessing or etc.),191700,119090,69990,1200,1430,1987
9609327,Prostitution and commercialized vice,110100,63890,44740,510,960,1987
1138831,Sex offenses (except forcible rape and prostitution),100100,78290,20040,1120,650,1987
5456393,Drug abuse violations,937400,604030,325380,3740,4250,1987
6045788,Gambling,25400,10560,13430,20,1390,1987
2281293,Offenses against family and children,58700,38020,19390,690,600,1987
6608470,Driving under the influence,1727200,1527980,167890,20070,11260,1987
7883244,Liquor laws,616700,541840,57360,14140,3360,1987
1432252,Drunkenness,828300,657020,147040,22310,1930,1987
8918937,Disorderly conduct,698700,453410,233180,9110,3000,1987
9365417,Vagrancy,36100,21920,13160,940,90,1987
6321896,All other offenses,2836700,1806360,977810,29070,23460,1987
4793397,Curfew and loitering law violations,89500,65530,21550,1110,1310,1987
9535623,Murder and nonnegligent manslaughter,21890,10000,11560,140,190,1988
140560,Forcible rape,38610,20430,17610,320,250,1988
4750890,Robbery,149100,53470,93950,730,960,1988
2826833,Aggravated assault,416300,241420,167590,4320,2970,1988
6246524,Burglary,463400,312000,143460,4040,3900,1988
1504038,Larceny-theft,1571200,1032850,503230,17160,17970,1988
4111281,Motor vehicle theft,208400,121740,82810,1580,2270,1988
1299211,Arson,19700,14500,4890,180,130,1988
6472115,Other assaults,901800,565490,320200,9610,6500,1988
7060351,Forgery and counterfeiting,101700,66050,34510,600,540,1988
4178128,Fraud,366300,241780,121400,1480,1640,1988
4431437,Embezzlement,15500,10080,5220,80,130,1988
1402528,Stolen property (buying or receiving or possessing),166300,96290,68050,1000,970,1988
831487,Vandalism,295300,222070,68010,2890,2340,1988
6446160,Weapons (carrying or possessing or etc.),221800,131540,87050,1180,2030,1988
7086779,Prostitution and commercialized vice,104100,59910,42480,590,1120,1988
4181085,Sex offenses (except forcible rape and prostitution),106300,82220,22170,1170,740,1988
8232150,Drug abuse violations,1155200,696400,448620,4660,5520,1988
9992831,Gambling,23600,11000,11300,40,1260,1988
1678679,Offenses against family and children,69900,44450,23320,770,1360,1988
6103192,Driving under the influence,1792500,1579680,179480,20540,12800,1988
8019729,Liquor laws,669600,590330,61550,14010,3720,1988
5026088,Drunkenness,818600,653140,142060,21420,1990,1988
4849850,Disorderly conduct,760500,486010,260730,10170,3600,1988
3277216,Vagrancy,36500,21760,13660,950,140,1988
5392656,All other offenses,3078900,1993680,1025810,30110,29300,1988
6880836,Curfew and loitering law violations,72200,52610,17450,700,1430,1988
9921491,Murder and nonnegligent manslaughter,22300,9780,12240,160,120,1989
656813,Forcible rape,39110,20880,17660,340,230,1989
14313,Robbery,165060,57310,106220,620,910,1989
6597209,Aggravated assault,459000,269380,182240,4290,3080,1989
9871224,Burglary,468900,315800,146320,4020,2760,1989
5129577,Larceny-theft,1604400,1049380,523940,16820,14270,1989
9155654,Motor vehicle theft,228500,130180,94510,1890,1920,1989
2895419,Arson,18600,14010,4350,140,100,1989
2170638,Other assaults,978900,616460,346480,10510,5450,1989
4434799,Forgery and counterfeiting,105400,68390,36010,560,450,1989
5378247,Fraud,376600,253920,120460,1200,1030,1989
4356070,Embezzlement,18200,12020,5990,60,130,1989
1198064,Stolen property (buying or receiving or possessing),176800,100040,74840,890,1030,1989
4083464,Vandalism,307800,231720,71560,2910,1610,1989
220441,Weapons (carrying or possessing or etc.),225200,130280,92460,1020,1450,1989
9921477,Prostitution and commercialized vice,107400,62040,43970,580,820,1989
6139486,Sex offenses (except forcible rape and prostitution),104800,81150,21990,1030,630,1989
166563,Drug abuse violations,1361700,797070,556580,4550,3500,1989
202871,Gambling,20600,10370,9670,50,520,1989
452683,Offenses against family and children,74200,49560,23580,780,290,1989
2300257,Driving under the influence,1736200,1556680,152440,18720,8360,1989
1963128,Liquor laws,657300,580970,59060,14100,3170,1989
9135556,Drunkenness,822500,659170,140850,20280,2210,1989
4008479,Disorderly conduct,776600,499830,265130,9120,2520,1989
1572570,Vagrancy,33800,19500,13610,590,110,1989
4597345,All other offenses,3214700,2060730,1102530,31530,19910,1989
1187325,Curfew and loitering law violations,77400,57680,18120,680,920,1989
2756894,Murder and nonnegligent manslaughter,22990,10150,12480,170,200,1990
3438347,Forcible rape,39160,21780,16750,310,320,1990
8644445,Robbery,167990,62060,104170,570,1190,1990
2469365,Aggravated assault,475330,285670,181690,4560,3410,1990
9986265,Burglary,432600,295970,129270,3840,3520,1990
1334555,Larceny-theft,1554800,1044780,475490,16190,18340,1990
547998,Motor vehicle theft,211300,124660,82370,1560,2710,1990
4988150,Arson,19100,14400,4360,210,130,1990
1552114,Other assaults,1014100,656180,338050,12160,7710,1990
467643,Forgery and counterfeiting,94800,62090,31510,560,650,1990
4986597,Fraud,291600,196650,92730,1170,1050,1990
5739075,Embezzlement,15300,10420,4640,70,170,1990
7277735,Stolen property (buying or receiving or possessing),165200,96430,66620,900,1250,1990
2236124,Vandalism,326000,249060,71020,3200,2710,1990
7915831,Weapons (carrying or possessing or etc.),221200,130480,87300,1130,2300,1990
5440597,Prostitution and commercialized vice,111400,66980,43040,530,850,1990
4320489,Sex offenses (except forcible rape and prostitution),107600,85230,20460,1000,920,1990
7305041,Drug abuse violations,1089500,641100,439980,3770,4660,1990
6911826,Gambling,19300,9260,9070,30,950,1990
5949726,Offenses against family and children,85800,57070,25560,1050,2120,1990
6322506,Driving under the influence,1810800,1625320,152700,20280,12500,1990
4073369,Liquor laws,714700,628530,66080,16300,3790,1990
3655534,Drunkenness,910100,723300,164560,20060,2180,1990
2753201,Disorderly conduct,733000,487680,232180,9790,3340,1990
9283558,Vagrancy,38500,22030,15570,760,140,1990
1785123,All other offenses,3267800,2106940,1099050,31020,30800,1990
1922315,Curfew and loitering law violations,80800,61460,16820,840,1690,1990
9094737,Murder and nonnegligent manslaughter,24050,10530,13120,190,210,1991
7525589,Forcible rape,40120,22300,17140,370,310,1991
7857251,Robbery,173820,65050,106510,780,1480,1991
3279289,Aggravated assault,480900,291830,180740,4440,3880,1991
1277185,Burglary,436500,302140,126110,4010,4250,1991
862462,Larceny-theft,1588300,1049430,501160,17320,20400,1991
7132114,Motor vehicle theft,207700,121170,82190,1710,2640,1991
1843277,Arson,20000,15450,4190,190,170,1991
469556,Other assaults,1041200,665780,353900,12830,8680,1991
7145158,Forgery and counterfeiting,103700,67510,34760,590,840,1991
6709678,Fraud,427800,295060,128940,1930,1870,1991
8915093,Embezzlement,14000,9660,4120,100,120,1991
4952255,Stolen property (buying or receiving or possessing),170000,99470,68260,970,1300,1991
2721790,Vandalism,335100,254780,74130,3280,2900,1991
3774229,Weapons (carrying or possessing or etc.),232300,129570,99300,1160,2270,1991
8081289,Prostitution and commercialized vice,98900,57410,39920,530,1030,1991
8149998,Sex offenses (except forcible rape and prostitution),108000,84100,21720,1130,1040,1991
7033460,Drug abuse violations,1010000,582730,418600,3560,5110,1991
5402778,Gambling,16600,7070,8340,20,1170,1991
1462378,Offenses against family and children,99400,66880,29250,1060,2220,1991
2030345,Driving under the influence,1771400,1579900,157150,21170,13180,1991
6561076,Liquor laws,624100,546680,59370,14420,3640,1991
8727004,Drunkenness,881100,715120,144580,19060,2350,1991
8186956,Disorderly conduct,757700,482940,261230,9500,4020,1991
2486789,Vagrancy,38500,20400,17260,740,100,1991
7644946,All other offenses,3240000,2080880,1089640,34690,34790,1991
7017919,Curfew and loitering law violations,93400,72250,18750,730,1670,1991
6883984,Murder and nonnegligent manslaughter,22510,9790,12410,130,180,1992
3178891,Forcible rape,39100,22110,16280,380,330,1992
7318067,Robbery,173310,64810,106290,690,1520,1992
2272152,Aggravated assault,507210,300560,198180,4440,4040,1992
5010962,Burglary,424000,287970,128350,3540,4150,1992
6967944,Larceny-theft,1504500,986550,481920,16270,19770,1992
6225674,Motor vehicle theft,197600,113520,79880,1600,2600,1992
7701046,Arson,19900,15250,4320,170,160,1992
9173542,Other assaults,1074700,682880,370180,12510,9130,1992
9565170,Forgery and counterfeiting,105400,68950,34810,620,1020,1992
7947782,Fraud,424200,275430,144720,1940,2120,1992
4158517,Embezzlement,13700,9430,4030,60,180,1992
2242556,Stolen property (buying or receiving or possessing),161500,92850,66300,950,1410,1992
8300475,Vandalism,323100,244730,72230,3300,2850,1992
4598043,Weapons (carrying or possessing or etc.),239300,132600,102960,1250,2500,1992
2990887,Prostitution and commercialized vice,96200,57540,37150,490,1020,1992
5037338,Sex offenses (except forcible rape and prostitution),108400,84430,21890,1020,1070,1992
23285,Drug abuse violations,1066400,625330,431250,4220,5610,1992
9441443,Gambling,17100,7380,8660,70,990,1992
4051680,Offenses against family and children,109200,73820,31420,1470,2490,1992
2619555,Driving under the influence,1624500,1423370,164960,22420,13750,1992
6063039,Liquor laws,541700,463480,59210,14470,4540,1992
3454936,Drunkenness,832300,670770,141240,18040,2250,1992
1696609,Disorderly conduct,753100,473600,265950,9410,4140,1992
7829722,Vagrancy,34300,17160,16590,420,130,1992
8905365,All other offenses,3389500,2101270,1215320,36250,36670,1992
4249332,Curfew and loitering law violations,91100,70240,18310,890,1660,1992
3458795,Murder and nonnegligent manslaughter,23400,9690,13300,160,250,1993
7598916,Forcible rape,38420,22290,15430,410,290,1993
4781069,Robbery,173620,63740,107410,740,1740,1993
2577313,Aggravated assault,518670,306640,202470,4800,4760,1993
5801463,Burglary,402700,273240,121590,3850,4020,1993
781108,Larceny-theft,1476300,952240,487600,15970,20490,1993
8718507,Motor vehicle theft,195900,111820,79210,1810,3060,1993
3771654,Arson,19400,14680,4370,180,170,1993
8855193,Other assaults,1144900,719920,400020,14130,10830,1993
9776943,Forgery and counterfeiting,106900,68460,36750,650,1040,1993
3775945,Fraud,410700,258840,147250,2040,2580,1993
8889345,Embezzlement,12900,8820,3870,60,160,1993
7368999,Stolen property (buying or receiving or possessing),158100,90800,64630,1010,1670,1993
2057648,Vandalism,313000,233880,72050,3550,3520,1993
4149075,Weapons (carrying or possessing or etc.),262300,146160,111950,1450,2740,1993
3081438,Prostitution and commercialized vice,97800,59180,36740,530,1350,1993
8239344,Sex offenses (except forcible rape and prostitution),104100,80080,21840,1100,1090,1993
1848189,Drug abuse violations,1126300,674760,440900,4850,5800,1993
2639784,Gambling,17300,7670,8860,60,710,1993
6765115,Offenses against family and children,109100,72630,33170,1490,1820,1993
5928407,Driving under the influence,1524800,1330020,159430,21210,14140,1993
6691633,Liquor laws,518500,441310,61730,12300,3150,1993
6575877,Drunkenness,726600,584260,123420,16720,2190,1993
8543569,Disorderly conduct,727000,460960,252810,9640,3590,1993
5842719,Vagrancy,28200,16200,11270,610,120,1993
8392119,All other offenses,3518700,2210020,1240590,36630,31470,1993
2687400,Curfew and loitering law violations,100200,79420,17310,1320,2150,1993
7500985,Murder and nonnegligent manslaughter,22100,9470,12200,170,270,1994
2315543,Forcible rape,36610,21030,14760,430,400,1994
2921677,Robbery,172290,65240,104110,900,2050,1994
673786,Aggravated assault,547760,327330,209780,5270,5380,1994
6493997,Burglary,396100,270740,117470,3820,4080,1994
2221123,Larceny-theft,1514500,985820,489910,16350,22420,1994
9276585,Motor vehicle theft,200200,117100,77810,2020,3270,1994
7236997,Arson,20900,15900,4600,210,180,1994
7367669,Other assaults,1223600,785480,410830,15200,12100,1994
7446214,Forgery and counterfeiting,115300,74350,38740,690,1530,1994
2981764,Fraud,419800,266280,148160,2090,3280,1994
7209405,Embezzlement,14300,9480,4580,60,180,1994
3643188,Stolen property (buying or receiving or possessing),164700,96630,65140,1200,1730,1994
9454062,Vandalism,323300,244810,70510,3800,4170,1994
5967204,Weapons (carrying or possessing or etc.),259400,151220,103560,1690,2920,1994
6071161,Prostitution and commercialized vice,98800,61550,34900,570,1790,1994
6156075,Sex offenses (except forcible rape and prostitution),100700,77540,20910,1170,1080,1994
6998262,Drug abuse violations,1351400,834470,503580,5920,7430,1994
878200,Gambling,18500,9180,8430,50,840,1994
8630279,Offenses against family and children,117200,76140,37450,1630,1980,1994
2367884,Driving under the influence,1384600,1203050,146800,19910,14840,1994
3678699,Liquor laws,541800,456830,67990,13190,3800,1994
4531660,Drunkenness,713200,578600,115620,16670,2320,1994
1929719,Disorderly conduct,746200,494790,237670,9630,4110,1994
630993,Vagrancy,25300,14690,10000,480,120,1994
5479037,All other offenses,3743200,2370450,1298800,37240,36720,1994
2193551,Curfew and loitering law violations,128400,98420,25800,1590,2600,1994
6549272,Murder and nonnegligent manslaughter,10571,4910,5410,110,150,2014
6555224,Forcible rape,21007,,,,,2014
9684979,Robbery,94403,39610,53070,790,930,2014
1628031,Aggravated assault,372685,236510,124040,5610,6520,2014
9386008,Burglary,237974,160730,72020,2210,3020,2014
9806677,Larceny-theft,1238190,853910,348410,20030,15850,2014
5654807,Motor vehicle theft,68422,45370,21030,860,1170,2014
3456613,Arson,9394,6870,2190,190,140,2014
2725643,Other assaults,1093258,713930,348600,17610,13130,2014
6163304,Forgery and counterfeiting,56783,36300,19230,360,890,2014
4798458,Fraud,141293,92690,45650,1410,1540,2014
2266180,Embezzlement,16227,10070,5760,110,280,2014
8958139,Stolen property (buying or receiving or possessing),88946,58210,28740,850,1140,2014
1458388,Vandalism,198400,139180,53400,3560,2260,2014
1818661,Weapons (carrying or possessing or etc.),140713,80630,57150,1020,1900,2014
1117493,Prostitution and commercialized vice,47598,25520,19920,250,1900,2014
7644381,Sex offenses (except forcible rape and prostitution),55456,,,,,2014
1162226,Drug abuse violations,1561231,1074360,454960,13180,18730,2014
1777431,Gambling,5637,2020,3310,20,290,2014
631282,Offenses against family and children,102336,66080,33450,2030,780,2014
1806808,Driving under the influence,1117852,934850,144950,15700,22360,2014
1783969,Liquor laws,321125,258880,45580,11880,4780,2014
7873484,Drunkenness,414854,335640,65270,8860,5090,2014
2666848,Disorderly conduct,436014,274100,148250,9950,3710,2014
3295373,Vagrancy,27380,18530,8040,560,260,2014
8019704,All other offenses,3274430,2220600,961700,54850,37280,2014
2950889,Curfew and loitering law violations,53654,27550,24780,610,710,2014
7758545,Murder and nonnegligent manslaughter,11092,5090,5670,130,200,2015
2871215,Forcible rape,22863,,,,,2015
2629497,Robbery,95572,42460,51110,740,1270,2015
3706552,Aggravated assault,376154,240710,120660,7630,7150,2015
4938354,Burglary,216010,147070,63660,2190,3080,2015
9253972,Larceny-theft,1160390,807010,317800,18580,17000,2015
4395284,Motor vehicle theft,77979,52390,22920,1200,1460,2015
323893,Arson,8834,6470,1980,230,150,2015
2348193,Other assaults,1081019,712280,332850,19660,16220,2015
2794652,Forgery and counterfeiting,55333,35750,18260,380,940,2015
3193090,Fraud,133138,88610,41290,1520,1720,2015
5832321,Embezzlement,15909,9650,5860,110,300,2015
7133467,Stolen property (buying or receiving or possessing),88576,57990,28360,980,1250,2015
3664502,Vandalism,191015,132690,52010,3680,2630,2015
207253,Weapons (carrying or possessing or etc.),145358,83900,58080,1440,1930,2015
8876918,Prostitution and commercialized vice,41877,22810,16710,150,2210,2015
3509769,Sex offenses (except forcible rape and prostitution),51388,,,,,2015
1491337,Drug abuse violations,1488707,1052510,402150,15340,18700,2015
5620924,Gambling,4825,1740,2720,30,340,2015
779960,Offenses against family and children,94837,62440,28270,3370,760,2015
8607534,Driving under the influence,1089171,899650,143320,21170,25020,2015
3228299,Liquor laws,266250,212380,36650,12930,4290,2015
5736281,Drunkenness,405880,310260,57860,33230,4530,2015
2785721,Disorderly conduct,386078,247080,119690,15550,3770,2015
6724821,Vagrancy,25151,17290,6710,870,270,2015
8706038,All other offenses,3218880,2206840,902190,64390,45470,2015
6409527,Curfew and loitering law violations,44802,23640,20010,530,620,2015
2202207,Murder and nonnegligent manslaughter,10231,4620,5350,120,140,2013
3956318,Forcible rape,16863,,,,,2013
8797815,Robbery,94406,39330,53460,690,930,2013
9929880,Aggravated assault,358860,225710,121630,5500,6020,2013
6788315,Burglary,252629,170660,76430,2490,3050,2013
6817032,Larceny-theft,1231580,842030,352760,20340,16460,2013
9418054,Motor vehicle theft,64566,43010,19650,850,1050,2013
8028409,Arson,10509,7780,2430,160,140,2013
5182090,Other assaults,1097741,715320,351710,17740,12970,2013
442008,Forgery and counterfeiting,60969,39300,20410,360,900,2013
5678370,Fraud,143528,94760,45850,1440,1480,2013
4571716,Embezzlement,15730,9900,5440,110,280,2013
7425590,Stolen property (buying or receiving or possessing),92691,62390,28270,860,1170,2013
4218868,Vandalism,201168,142350,52910,3710,2200,2013
4441131,Weapons (carrying or possessing or etc.),137779,80250,54730,1100,1700,2013
7677085,Prostitution and commercialized vice,48620,26260,20170,450,1740,2013
3714093,Sex offenses (except forcible rape and prostitution),57925,,,,,2013
5297758,Drug abuse violations,1501043,1016730,454930,11870,17520,2013
239114,Gambling,6024,1760,3950,30,280,2013
2479873,Offenses against family and children,101247,66040,32700,1860,660,2013
1382159,Driving under the influence,1166824,981930,145680,16290,22930,2013
3323785,Liquor laws,354872,285760,50900,13290,4920,2013
9070851,Drunkenness,443527,358800,70560,9190,4990,2013
2590574,Disorderly conduct,467993,291850,162410,10070,3660,2013
9836328,Vagrancy,25755,16350,8400,710,300,2013
2949833,All other offenses,3282651,2203830,987880,55950,34990,2013
6934744,Curfew and loitering law violations,56371,29530,25310,740,780,2013
398088,Murder and nonnegligent manslaughter,11788,5270,6210,140,170,2016
653988,Forcible rape,23632,,,,,2016
4213080,Robbery,95754,41550,52180,830,1190,2016
5131078,Aggravated assault,383977,241010,127860,8030,7080,2016
3807408,Burglary,207325,141850,60440,2030,3000,2016
5390252,Larceny-theft,1050058,724410,291310,18810,15520,2016
4696428,Motor vehicle theft,86088,56770,26480,1290,1550,2016
2339557,Arson,9812,7070,2290,280,180,2016
9744054,Other assaults,1078808,703860,338470,19600,16880,2016
6769365,Forgery and counterfeiting,56661,37130,18080,370,1080,2016
1546430,Fraud,128531,86100,39190,1580,1660,2016
4271005,Embezzlement,15937,9790,5710,130,310,2016
2814232,Stolen property (buying or receiving or possessing),93981,60320,31360,1110,1190,2016
9884539,Vandalism,195951,133960,55010,4260,2730,2016
5882201,Weapons (carrying or possessing or etc.),156777,87660,65540,1430,2150,2016
5295397,Prostitution and commercialized vice,38306,21250,14520,150,2380,2016
878839,Sex offenses (except forcible rape and prostitution),51063,,,,,2016
8789780,Drug abuse violations,1572579,1116060,420300,16130,20080,2016
6905196,Gambling,3705,1670,1790,10,230,2016
2864387,Offenses against family and children,88748,59540,25860,2640,710,2016
7981064,Driving under the influence,1017808,836230,138870,18750,23960,2016
439605,Liquor laws,234899,186030,33970,10770,4130,2016
8107606,Drunkenness,376433,287800,55280,28990,4370,2016
4775047,Disorderly conduct,369733,234170,119040,12820,3700,2016
9061491,Vagrancy,24851,16390,7630,520,310,2016
2317272,All other offenses,3254871,2251070,893020,64240,46550,2016
3377546,Curfew and loitering law violations,34176,19230,13920,540,480,2016
1362493,Murder and nonnegligent manslaughter,12208,5400,6480,140,190,2017
201247,Forcible rape,23436,,,,,2017
2289422,Robbery,94046,40960,51030,870,1190,2017
6512071,Aggravated assault,388927,241470,130330,9670,7460,2017
9562650,Burglary,199266,134570,59460,2530,2710,2017
2752868,Larceny-theft,950357,643190,276800,16990,13380,2017
9234820,Motor vehicle theft,91023,60050,27650,1690,1640,2017
3674461,Arson,9111,6490,2300,140,170,2017
3452372,Other assaults,1062370,689800,333910,22030,16630,2017
9650198,Forgery and counterfeiting,55604,36200,17990,500,910,2017
817110,Fraud,124232,82700,38250,1630,1650,2017
4670103,Embezzlement,15967,9550,6010,120,280,2017
6352695,Stolen property (buying or receiving or possessing),98660,62690,33020,1330,1610,2017
7432799,Vandalism,188350,128830,52740,4210,2570,2017
406302,Weapons (carrying or possessing or etc.),164984,88660,72360,1750,2220,2017
5565691,Prostitution and commercialized vice,36247,20300,13620,150,2180,2017
2871965,Sex offenses (except forcible rape and prostitution),48525,,,,,2017
8076970,Drug abuse violations,1632921,1149750,442930,19450,20800,2017
8600931,Gambling,3237,1240,1680,30,290,2017
2139355,Offenses against family and children,94062,61600,26390,5340,730,2017
5369156,Driving under the influence,990678,809410,138410,20910,21950,2017
594593,Liquor laws,207332,162030,29140,12790,3370,2017
6062645,Drunkenness,366824,271190,52320,39020,4300,2017
924712,Disorderly conduct,353151,222080,112390,15270,3410,2017
8233653,Vagrancy,23321,15940,6510,600,280,2017
3542737,All other offenses,3290015,2266440,907700,75070,40810,2017
3447207,Curfew and loitering law violations,30131,16880,12220,540,500,2017
2199744,Murder and nonnegligent manslaughter,11075,5290,5520,140,140,2012
5106333,Forcible rape,18098,11660,5880,280,280,2012
6080990,Robbery,103661,44270,57250,810,1340,2012
1100667,Aggravated assault,388362,243390,132470,5740,6770,2012
7171764,Burglary,283582,190150,87150,2580,3700,2012
8707778,Larceny-theft,1282352,870090,372380,19340,20560,2012
7020226,Motor vehicle theft,68845,45470,21080,860,1440,2012
5886748,Arson,11433,8360,2750,170,150,2012
9822669,Other assaults,1199476,783320,381220,18090,16850,2012
292952,Forgery and counterfeiting,67046,43870,21900,340,950,2012
8425595,Fraud,153535,102160,48330,1430,1620,2012
5021218,Embezzlement,16023,10380,5240,90,310,2012
2404014,Stolen property (buying or receiving or possessing),97670,64690,30780,810,1390,2012
5917724,Vandalism,228463,163870,58000,3810,2790,2012
2768173,Weapons (carrying or possessing or etc.),149286,86240,59910,1050,2100,2012
7111335,Prostitution and commercialized vice,56575,30220,24080,310,1970,2012
2409390,Sex offenses (except forcible rape and prostitution),68355,49350,16870,840,1300,2012
9681105,Drug abuse violations,1552432,1040990,482400,11100,17940,2012
363882,Gambling,7868,2270,5200,40,360,2012
8733156,Offenses against family and children,107018,70100,33940,2200,780,2012
8001923,Driving under the influence,1282957,1081950,154620,17530,28860,2012
9898097,Liquor laws,441532,357750,62080,15030,6670,2012
6894878,Drunkenness,511271,416360,80310,9200,5400,2012
826834,Disorderly conduct,543995,339070,189920,10190,4810,2012
8337644,Vagrancy,27003,16390,9720,630,260,2012
2761571,All other offenses,3448856,2300050,1043870,53470,51470,2012
9177803,Curfew and loitering law violations,70190,40080,27840,1070,1200,2012
2949735,Murder and nonnegligent manslaughter,11970,5280,6380,140,160,2018
5000863,Forcible rape,25205,,,,,2018
9467586,Robbery,88128,38300,47750,890,1190,2018
1024891,Aggravated assault,395800,245050,133330,8940,8480,2018
4999503,Burglary,178611,121570,52610,2110,2330,2018
855538,Larceny-theft,887622,593730,266460,15880,11550,2018
7007103,Motor vehicle theft,91676,59130,29640,1530,1370,2018
38083,Arson,9387,6670,2350,190,180,2018
5403966,Other assaults,1063535,685120,340410,21020,16980,2018
3017069,Forgery and counterfeiting,50072,33370,15450,440,810,2018
9868054,Fraud,119951,78400,38000,1900,1650,2018
482934,Embezzlement,14765,9150,5230,160,230,2018
1972034,Stolen property (buying or receiving or possessing),93161,58880,31570,1170,1540,2018
7361806,Vandalism,179828,121640,51880,3930,2380,2018
9745221,Weapons (carrying or possessing or etc.),168403,91650,72940,1460,2360,2018
7008261,Prostitution and commercialized vice,31147,17130,12070,130,1820,2018
6609499,Sex offenses (except forcible rape and prostitution),46937,,,,,2018
3016957,Drug abuse violations,1654282,1167900,446470,18970,20940,2018
3021433,Gambling,3323,1350,1610,10,350,2018
8909073,Offenses against family and children,87475,58950,25190,2580,760,2018
7925931,Driving under the influence,1001329,812760,147760,17880,22930,2018
6611475,Liquor laws,173152,135730,25260,9400,2760,2018
1262084,Drunkenness,328772,252360,49390,22760,4260,2018
4874528,Disorderly conduct,329152,209800,103480,12930,2940,2018
6393613,Vagrancy,23546,16730,5820,630,370,2018
7718902,All other offenses,3231700,2231960,887940,72850,38950,2018
8255972,Curfew and loitering law violations,22031,12340,9030,360,310,2018
3719239,Murder and nonnegligent manslaughter,10832,5210,5350,140,130,2011
5166742,Forcible rape,19491,12770,6200,240,280,2011
8886010,Robbery,106674,45730,59000,810,1140,2011
8239019,Aggravated assault,397707,253580,133230,6040,4870,2011
7465444,Burglary,296707,197920,93380,2750,2650,2011
5928853,Larceny-theft,1264986,867830,359700,19420,18040,2011
5916519,Motor vehicle theft,66414,42420,22180,870,940,2011
3853413,Arson,11776,8470,3020,140,140,2011
9325154,Other assaults,1241722,816220,390590,19760,15150,2011
3208746,Forgery and counterfeiting,70211,46170,22790,380,870,2011
6666999,Fraud,168217,111780,53410,1480,1540,2011
9123233,Embezzlement,16190,10640,5180,80,290,2011
625577,Stolen property (buying or receiving or possessing),93234,61870,29790,720,860,2011
2489893,Vandalism,237638,173190,57740,3980,2730,2011
9512518,Weapons (carrying or possessing or etc.),153519,89340,61480,1150,1550,2011
2268650,Prostitution and commercialized vice,57345,30660,24740,340,1610,2011
7527705,Sex offenses (except forcible rape and prostitution),69225,50130,17180,940,970,2011
7135633,Drug abuse violations,1531251,1025250,481430,10960,13610,2011
5852440,Gambling,8596,2610,5580,50,360,2011
5534302,Offenses against family and children,116723,76480,36920,2440,880,2011
507141,Driving under the influence,1215077,1032850,145020,18050,19170,2011
6662177,Liquor laws,500648,411630,66140,16590,6290,2011
4552191,Drunkenness,534218,436830,83080,10430,3870,2011
4373438,Disorderly conduct,582158,367350,198550,11420,4830,2011
6997854,Vagrancy,29203,16730,11720,560,190,2011
4213747,All other offenses,3532195,2354990,1073390,57030,46790,2011
54697,Curfew and loitering law violations,76942,47150,27580,1060,1160,2011
6307995,Murder and nonnegligent manslaughter,14062,6950,6780,160,160,2005
343687,Forcible rape,25528,16620,8330,310,270,2005
4228910,Robbery,114616,47970,64870,720,1060,2005
45593,Aggravated assault,449297,285050,153330,5980,4930,2005
575711,Burglary,298835,208770,84250,3140,2670,2005
6259126,Larceny-theft,1146696,795650,319460,15350,16230,2005
2234459,Motor vehicle theft,147459,92090,51730,1520,2130,2005
3019176,Arson,16337,12590,3400,170,190,2005
3278977,Other assaults,1301392,854430,413090,18760,15120,2005
1369907,Forgery and counterfeiting,118455,84020,32380,680,1380,2005
7462948,Fraud,321521,220840,96870,1820,2000,2005
867489,Embezzlement,18970,12770,5820,130,250,2005
9166071,Stolen property (buying or receiving or possessing),133856,86040,45500,1070,1250,2005
7085757,Vandalism,279562,210160,62220,4260,2920,2005
5562228,Weapons (carrying or possessing or etc.),193469,114920,75320,1420,1820,2005
6702797,Prostitution and commercialized vice,84891,46820,35420,830,1810,2005
403977,Sex offenses (except forcible rape and prostitution),91625,67870,21800,990,960,2005
6051633,Drug abuse violations,1846351,1202920,617740,12300,13390,2005
3050166,Gambling,11180,2950,7870,30,320,2005
3524112,Offenses against family and children,129128,87970,37940,2430,790,2005
4743014,Driving under the influence,1371919,1214290,123050,19420,15160,2005
7730541,Liquor laws,597838,511260,64330,16060,6180,2005
7364906,Drunkenness,556167,466490,73940,12700,3040,2005
5051317,Disorderly conduct,678231,432540,229930,10660,5100,2005
326962,Vagrancy,33227,18450,14010,560,210,2005
4290063,All other offenses,3863785,2606250,1157240,53830,46460,2005
6370858,Curfew and loitering law violations,140835,87290,50650,1220,1680,2005
6075817,Runaways,108954,,,,,2005
2068458,Murder and nonnegligent manslaughter,13435,6360,6780,150,150,2006
7896464,Forcible rape,24535,16050,7910,290,280,2006
9002866,Robbery,125605,52990,70630,830,1160,2006
6014566,Aggravated assault,447948,284340,152690,5840,5080,2006
4987900,Burglary,304801,211640,87390,3000,2780,2006
5764301,Larceny-theft,1081157,745320,307860,13520,14460,2006
4365719,Motor vehicle theft,137757,86890,47370,1410,2090,2006
6004667,Arson,16582,12670,3510,170,230,2006
3205125,Other assaults,1305757,860530,411290,18900,15040,2006
9866165,Forgery and counterfeiting,108823,76570,30320,600,1340,2006
53502,Fraud,280693,193720,83520,1650,1810,2006
6838667,Embezzlement,20012,13170,6420,110,310,2006
9376662,Stolen property (buying or receiving or possessing),122722,79730,40920,920,1160,2006
4076269,Vandalism,300679,227870,65200,4370,3240,2006
1713003,Weapons (carrying or possessing or etc.),200782,116400,80900,1570,1930,2006
2316043,Prostitution and commercialized vice,79673,45350,31440,750,2150,2006
8287345,Sex offenses (except forcible rape and prostitution),87252,64080,21240,890,1040,2006
2703303,Drug abuse violations,1889810,1208360,656230,11770,13450,2006
4947669,Gambling,12307,3360,8530,20,400,2006
174284,Offenses against family and children,131491,88300,39980,2410,810,2006
33619,Driving under the influence,1460498,1291800,132840,19140,16730,2006
862038,Liquor laws,645734,552690,67980,17420,7660,2006
7543389,Drunkenness,553188,466270,73200,10610,3110,2006
663316,Disorderly conduct,703504,446620,240770,10640,5470,2006
2776854,Vagrancy,36471,20690,15150,450,180,2006
8939883,All other offenses,4022068,2725590,1194120,53720,48630,2006
4694615,Curfew and loitering law violations,152907,93730,56270,1180,1720,2006
1039988,Runaways,114179,,,,,2006
2398526,Murder and nonnegligent manslaughter,13480,6430,6770,130,150,2007
533663,Forcible rape,23307,15040,7670,290,310,2007
2419127,Robbery,126715,52910,71850,780,1170,2007
2784649,Aggravated assault,433945,278130,145160,5780,4880,2007
6555132,Burglary,303853,208760,89420,2950,2730,2007
5663605,Larceny-theft,1172762,800830,340460,15270,16200,2007
4671992,Motor vehicle theft,118231,73130,42040,1360,1700,2007
7179775,Arson,15242,11440,3470,160,180,2007
3609208,Other assaults,1305693,857680,414650,18360,15010,2007
8815569,Forgery and counterfeiting,103448,71950,29720,540,1240,2007
7804044,Fraud,252873,175030,74260,1770,1820,2007
4041008,Embezzlement,22381,14310,7580,130,360,2007
2703853,Stolen property (buying or receiving or possessing),122061,77040,42900,980,1140,2007
4419304,Vandalism,291575,220290,63600,4360,3330,2007
1957480,Weapons (carrying or possessing or etc.),188891,109570,76000,1420,1900,2007
7853817,Prostitution and commercialized vice,77607,44880,29990,710,2030,2007
9851664,Sex offenses (except forcible rape and prostitution),83979,61580,20510,820,1070,2007
739551,Drug abuse violations,1841182,1179810,636340,11870,13160,2007
2750932,Gambling,12161,3130,8750,30,260,2007
5344422,Offenses against family and children,122812,83640,36150,2270,750,2007
6325012,Driving under the influence,1427494,1259910,131320,19050,17220,2007
6838536,Liquor laws,633654,543360,64770,18440,7080,2007
8178609,Drunkenness,589402,493790,80740,11610,3260,2007
8601502,Disorderly conduct,709105,453540,239440,10880,5250,2007
9863104,Vagrancy,33666,20310,12560,640,150,2007
6262469,All other offenses,3931965,2649790,1179060,52950,50170,2007
5032935,Curfew and loitering law violations,143002,91700,48260,1260,1780,2007
8265567,Runaways,108879,,,,,2007
6252278,Murder and nonnegligent manslaughter,12955,6250,6440,130,130,2008
5411378,Forcible rape,22584,14900,7130,260,300,2008
6357317,Robbery,129403,53900,73450,870,1190,2008
2015830,Aggravated assault,429969,273630,145500,5830,5020,2008
8689517,Burglary,308479,207190,95710,2730,2850,2008
4170666,Larceny-theft,1266706,864600,368780,16010,17320,2008
6445446,Motor vehicle theft,98035,58900,36850,1030,1250,2008
4609732,Arson,14125,10780,3000,170,180,2008
5005157,Other assaults,1298342,851840,413030,18270,15210,2008
1314499,Forgery and counterfeiting,90127,61560,27150,420,1000,2008
2725847,Fraud,234199,158520,72030,1790,1870,2008
7068220,Embezzlement,21402,13830,7100,120,350,2008
8299312,Stolen property (buying or receiving or possessing),111319,68940,40610,860,910,2008
7435210,Vandalism,285012,215580,61850,4320,3270,2008
4505106,Weapons (carrying or possessing or etc.),179661,102150,74510,1320,1680,2008
4250237,Prostitution and commercialized vice,75004,41830,30600,620,1950,2008
4837507,Sex offenses (except forcible rape and prostitution),79914,58990,18990,840,1090,2008
3709577,Drug abuse violations,1702537,1093970,585120,10970,12480,2008
6990492,Gambling,9811,2280,7180,30,330,2008
2022793,Offenses against family and children,118419,79120,36280,2230,790,2008
4154598,Driving under the influence,1483396,1296560,147630,20010,19190,2008
5681990,Liquor laws,625939,530290,70980,17500,7160,2008
5272463,Drunkenness,611069,506460,89890,11380,3350,2008
7508354,Disorderly conduct,685985,437380,232030,10980,5590,2008
231977,Vagrancy,33852,20220,12820,620,180,2008
7426099,All other offenses,3835083,2566910,1166040,51900,50240,2008
7019795,Curfew and loitering law violations,133063,84720,45570,1040,1730,2008
8479202,Runaways,109225,,,,,2008
9341679,Murder and nonnegligent manslaughter,12418,6110,6060,130,120,2009
2940755,Forcible rape,21407,14130,6740,220,310,2009
4524848,Robbery,126725,54230,70310,910,1280,2009
868796,Aggravated assault,421215,268730,141380,6050,5070,2009
9691935,Burglary,299351,200100,93880,2560,2810,2009
8442640,Larceny-theft,1334933,911290,385860,18310,19480,2009
6433750,Motor vehicle theft,81797,50210,29390,1060,1140,2009
6583054,Arson,12204,9160,2750,150,150,2009
362297,Other assaults,1319458,864890,419770,19200,15600,2009
1337136,Forgery and counterfeiting,85844,57400,27040,430,970,2009
7006035,Fraud,210255,141270,65390,1650,1950,2009
7319858,Embezzlement,17920,11850,5650,100,330,2009
2182435,Stolen property (buying or receiving or possessing),105303,66270,37240,840,950,2009
9080657,Vandalism,270439,201640,61520,4250,3030,2009
6070557,Weapons (carrying or possessing or etc.),166334,95750,67810,1220,1550,2009
3943011,Prostitution and commercialized vice,71355,39900,29130,540,1780,2009
1187226,Sex offenses (except forcible rape and prostitution),77326,56910,18360,920,1130,2009
3891730,Drug abuse violations,1663582,1086000,554110,11040,12440,2009
5979239,Gambling,10360,2990,7030,30,310,2009
5107225,Offenses against family and children,114564,77210,34400,2130,820,2009
6071810,Driving under the influence,1440409,1245500,157000,19100,18810,2009
7324872,Liquor laws,570333,479790,64340,18600,7600,2009
2807511,Drunkenness,594300,491640,88450,10680,3530,2009
3293608,Disorderly conduct,655322,416620,222070,11190,5440,2009
4673739,Vagrancy,33388,18470,14010,670,250,2009
2090298,All other offenses,3764672,2506310,1154160,55400,48800,2009
7810034,Curfew and loitering law violations,112593,68510,41600,1100,1390,2009
1190567,Runaways,93434,,,,,2009
925422,Murder and nonnegligent manslaughter,11201,5540,5430,120,110,2010
7184305,Forcible rape,20088,13210,6310,290,280,2010
1712579,Robbery,112300,48320,62020,790,1190,2010
6442858,Aggravated assault,408488,260770,136400,6100,5220,2010
2948541,Burglary,289769,195780,88740,2500,2750,2010
6389148,Larceny-theft,1271410,875620,359080,18130,18570,2010
8805725,Motor vehicle theft,71487,45340,24200,890,1060,2010
8191942,Arson,11296,8520,2520,130,130,2010
5003155,Other assaults,1292449,850800,406490,19260,15910,2010
9508018,Forgery and counterfeiting,78101,51860,24890,440,900,2010
3224,Fraud,187887,123420,61190,1560,1730,2010
4543724,Embezzlement,16616,11020,5160,110,330,2010
857712,Stolen property (buying or receiving or possessing),94802,61860,31250,760,940,2010
319754,Vandalism,252753,186570,59190,4210,2790,2010
4037769,Weapons (carrying or possessing or etc.),159020,92630,63710,1100,1590,2010
6125076,Prostitution and commercialized vice,62668,33990,26590,430,1650,2010
3812207,Sex offenses (except forcible rape and prostitution),72628,53490,17130,950,1050,2010
5169633,Drug abuse violations,1638846,1093910,519830,11240,13870,2010
3789042,Gambling,9941,2860,6650,40,390,2010
7228493,Offenses against family and children,111062,74270,34030,2000,760,2010
9085237,Driving under the influence,1412223,1209990,162160,18310,21760,2010
1356693,Liquor laws,512790,424990,62930,17790,7080,2010
373777,Drunkenness,560718,461340,84920,10820,3650,2010
2694604,Disorderly conduct,615172,390410,208760,10830,5180,2010
7566735,Vagrancy,32033,17900,13190,720,210,2010
5034691,All other offenses,3720402,2470680,1146150,55580,48000,2010
1074784,Curfew and loitering law violations,94797,56190,36300,1010,1300,2010
5645133,Murder and nonnegligent manslaughter,13467,6680,6490,140,160,2004
6041660,Forcible rape,26066,16880,8560,330,300,2004
4212938,Robbery,108992,48350,58960,670,1020,2004
8445679,Aggravated assault,438033,281370,146270,5490,4910,2004
8454317,Burglary,294645,207820,80970,3020,2840,2004
7905935,Larceny-theft,1185619,818000,335190,14950,17470,2004
3624901,Motor vehicle theft,148429,93310,51310,1560,2250,2004
7000304,Arson,15504,11910,3230,170,190,2004
6934687,Other assaults,1284858,844300,408280,16920,15360,2004
124470,Forgery and counterfeiting,119518,83330,34080,740,1370,2004
4726584,Fraud,282938,198890,80580,1640,1820,2004
780608,Embezzlement,17332,11860,5080,90,310,2004
5613465,Stolen property (buying or receiving or possessing),128529,80260,46070,980,1220,2004
6722093,Vandalism,272522,207080,58670,3920,2860,2004
5893363,Weapons (carrying or possessing or etc.),175776,109260,63410,1360,1750,2004
9794016,Prostitution and commercialized vice,87872,49990,35440,710,1730,2004
188774,Sex offenses (except forcible rape and prostitution),90913,67000,21960,840,1120,2004
6451727,Drug abuse violations,1746570,1141850,581460,10990,12260,2004
5003075,Gambling,10755,3070,7290,60,330,2004
5821069,Offenses against family and children,124936,84790,37500,1950,710,2004
1780215,Driving under the influence,1433382,1266010,131440,20440,15490,2004
2450197,Liquor laws,612528,524930,65130,15820,6650,2004
9024808,Drunkenness,552671,463590,74520,11780,2780,2004
8416414,Disorderly conduct,657637,430140,212520,9770,5210,2004
6426256,Vagrancy,36404,22050,13470,640,240,2004
4670530,All other offenses,3815435,2571650,1142020,52620,49140,2004
2976977,Curfew and loitering law violations,137398,90420,44190,930,1850,2004
60946,Runaways,119342,,,,,2004
2431293,Murder and nonnegligent manslaughter,14790,6820,7600,180,190,1999
1670650,Forcible rape,28830,17820,10340,350,330,1999
3674923,Robbery,108850,45670,61180,660,1340,1999
5370214,Aggravated assault,483530,302530,169360,5440,6210,1999
7628117,Burglary,296100,203150,86390,3030,3530,1999
6941878,Larceny-theft,1189400,785680,368050,16020,19650,1999
2057377,Motor vehicle theft,142200,79870,58330,1620,2370,1999
3023925,Arson,16800,12700,3790,180,140,1999
8396886,Other assaults,1294400,846490,416510,17820,13580,1999
6376660,Forgery and counterfeiting,106900,70220,34620,620,1450,1999
1562834,Fraud,363800,230830,128430,1550,2990,1999
653689,Embezzlement,17100,10860,5930,80,230,1999
2369658,Stolen property (buying or receiving or possessing),121900,69520,49940,1060,1390,1999
7703476,Vandalism,278200,209830,61130,4190,3050,1999
9020953,Weapons (carrying or possessing or etc.),172400,103900,65240,1340,1920,1999
2310878,Prostitution and commercialized vice,92100,54360,35150,640,1960,1999
7149865,Sex offenses (except forcible rape and prostitution),92400,69730,20410,1150,1110,1999
9757865,Drug abuse violations,1532200,966780,546750,8820,9850,1999
8830792,Gambling,10400,4570,5480,10,340,1999
5333754,Offenses against family and children,151200,101410,45970,1650,2180,1999
8089025,Driving under the influence,1511300,1319620,153340,22800,15540,1999
9312069,Liquor laws,657900,526570,110820,15820,4690,1999
816799,Drunkenness,656100,542790,93660,16840,2810,1999
8442787,Disorderly conduct,633100,415150,204770,9110,4070,1999
9188399,Vagrancy,30000,15790,13330,690,190,1999
5851755,All other offenses,3728100,2399770,1242290,47030,39010,1999
7085138,Curfew and loitering law violations,167200,122950,40120,2040,2090,1999
5715355,Runaways,148300,,,,,1999
2531153,Murder and nonnegligent manslaughter,17450,8130,8920,210,200,1998
166845,Forcible rape,31070,18850,11450,360,410,1998
3447047,Robbery,120870,51000,67650,750,1480,1998
1725753,Aggravated assault,506630,312950,181920,5430,6330,1998
3301003,Burglary,330700,228480,94670,3570,3980,1998
914455,Larceny-theft,1307100,857580,410770,16710,22050,1998
6532604,Motor vehicle theft,150700,90170,56340,1760,2440,1998
1583754,Arson,17200,12860,3960,170,200,1998
9406202,Other assaults,1338800,871120,436040,17260,14390,1998
4415489,Forgery and counterfeiting,114600,75920,36360,740,1580,1998
8587362,Fraud,394600,257180,131850,1870,3700,1998
5864677,Embezzlement,17100,10920,5860,110,220,1998
7003110,Stolen property (buying or receiving or possessing),137900,81180,54040,1200,1480,1998
6862434,Vandalism,300200,223540,69700,3880,3090,1998
8126016,Weapons (carrying or possessing or etc.),190600,114390,72890,1310,2010,1998
4496234,Prostitution and commercialized vice,94000,57000,34630,590,1780,1998
5801515,Sex offenses (except forcible rape and prostitution),93600,69870,21400,1090,1240,1998
4844430,Drug abuse violations,1559100,965560,575330,8300,9920,1998
6111361,Gambling,12800,5450,6810,30,500,1998
5552145,Offenses against family and children,146400,100010,42940,1340,2120,1998
934195,Driving under the influence,1402800,1220020,145460,20370,16960,1998
9636689,Liquor laws,630400,500570,110060,13550,6220,1998
4133452,Drunkenness,710300,586910,103110,17560,2720,1998
4599813,Disorderly conduct,696100,450480,231520,8590,5510,1998
1386190,Vagrancy,30400,16330,13030,720,330,1998
3054864,All other offenses,3824100,2444010,1291000,43400,45690,1998
3183034,Curfew and loitering law violations,187800,136720,46810,2070,2200,1998
7759103,Runaways,165100,,,,,1998
8504554,Murder and nonnegligent manslaughter,18290,7920,9990,150,230,1997
7840990,Forcible rape,32060,18760,12580,370,350,1997
9044931,Robbery,132450,53180,76760,780,1730,1997
6951520,Aggravated assault,534920,327720,194670,5880,6650,1997
1947318,Burglary,356000,244730,102750,4070,4460,1997
3526104,Larceny-theft,1472600,957610,470290,19080,25630,1997
3081218,Motor vehicle theft,167000,97990,63770,2160,3080,1997
8953881,Arson,20000,15040,4560,170,230,1997
4580759,Other assaults,1395800,887570,474020,19030,15190,1997
9505726,Forgery and counterfeiting,120100,78830,38790,770,1710,1997
5230686,Fraud,414600,273160,135990,2160,3280,1997
817798,Embezzlement,17400,11150,5900,90,270,1997
2296935,Stolen property (buying or receiving or possessing),155300,90660,61440,1340,1850,1997
667816,Vandalism,318400,235830,74800,4300,3470,1997
9420180,Weapons (carrying or possessing or etc.),218900,129890,84910,1700,2400,1997
2976111,Prostitution and commercialized vice,101600,58640,40630,620,1700,1997
9498892,Sex offenses (except forcible rape and prostitution),101900,75500,23840,1250,1310,1997
7328929,Drug abuse violations,1583600,988840,575270,8710,10780,1997
265090,Gambling,15900,7090,8240,70,500,1997
7929596,Offenses against family and children,155800,105180,46620,1550,2450,1997
6088783,Driving under the influence,1477300,1293250,146970,23230,13850,1997
462718,Liquor laws,636400,504220,111530,15960,4700,1997
3930397,Drunkenness,734800,595870,117950,17950,3030,1997
6792133,Disorderly conduct,811100,517840,276200,11480,5590,1997
7194581,Vagrancy,28800,15010,13160,540,90,1997
5246031,All other offenses,3884600,2488140,1305280,46690,44490,1997
5330289,Curfew and loitering law violations,182700,128620,48800,2590,2690,1997
8169705,Runaways,196100,,,,,1997
2583907,Murder and nonnegligent manslaughter,19020,8460,10060,220,280,1996
801289,Forcible rape,33050,19050,13250,370,380,1996
8463564,Robbery,156270,63030,90140,860,2250,1996
3858412,Aggravated assault,521570,316690,192850,5640,6390,1996
8738935,Burglary,364800,252490,103660,4190,4460,1996
1679918,Larceny-theft,1486300,975700,465850,19230,25520,1996
6613607,Motor vehicle theft,175400,101560,68210,2220,3400,1996
3668921,Arson,19000,14310,4330,190,180,1996
2904179,Other assaults,1329000,846130,449910,18300,14670,1996
7110059,Forgery and counterfeiting,121600,79140,39600,920,1950,1996
4385919,Fraud,465000,302690,156750,2220,3340,1996
7319571,Embezzlement,15700,10110,5280,80,230,1996
5069413,Stolen property (buying or receiving or possessing),151100,89370,58650,1220,1850,1996
7322849,Vandalism,320900,239430,73300,4480,3700,1996
4112800,Weapons (carrying or possessing or etc.),216200,128570,83480,1640,2510,1996
4787573,Prostitution and commercialized vice,99000,58670,37570,630,2140,1996
812791,Sex offenses (except forcible rape and prostitution),95800,72050,21470,1100,1180,1996
2375042,Drug abuse violations,1506200,933390,555580,7870,9360,1996
5023926,Gambling,21000,9620,10520,80,770,1996
7767564,Offenses against family and children,149800,100250,45620,1800,2140,1996
5204715,Driving under the influence,1467300,1275820,147210,25270,19010,1996
7801789,Liquor laws,677400,556990,98710,17130,4570,1996
4763198,Drunkenness,718700,586390,111830,17760,2730,1996
3958987,Disorderly conduct,842600,540160,285730,11240,5460,1996
5560795,Vagrancy,27800,15320,11850,530,110,1996
3161870,All other offenses,3786700,2463350,1233130,48650,41570,1996
9326399,Curfew and loitering law violations,185100,136030,43580,2300,3190,1996
2788577,Runaways,195700,,,,,1996
8732731,Murder and nonnegligent manslaughter,21230,9370,11410,190,270,1995
4078738,Forcible rape,34650,19670,14270,350,360,1995
9300812,Robbery,171870,66650,102300,870,2050,1995
5871467,Aggravated assault,568480,340940,215830,5650,6060,1995
6838739,Burglary,386500,262350,116210,3910,4040,1995
5734197,Larceny-theft,1530200,992620,497270,16940,23380,1995
7407111,Motor vehicle theft,191900,112340,73840,2280,3450,1995
8024216,Arson,20000,15070,4540,200,190,1995
3860633,Other assaults,1290400,816590,444900,15800,13120,1995
5937601,Forgery and counterfeiting,122300,80790,39200,720,1590,1995
4775467,Fraud,436400,286460,144600,2280,3060,1995
4965320,Embezzlement,15200,9980,4920,100,200,1995
4372473,Stolen property (buying or receiving or possessing),166500,99380,63900,1260,1960,1995
8871932,Vandalism,311100,229450,74000,4040,3610,1995
1131961,Weapons (carrying or possessing or etc.),243900,145630,93850,1680,2740,1995
1973523,Prostitution and commercialized vice,97700,58260,37340,490,1620,1995
4816159,Sex offenses (except forcible rape and prostitution),94500,71070,21270,1050,1110,1995
6409169,Drug abuse violations,1476100,910290,550250,7120,8440,1995
7128023,Gambling,19500,9380,9180,80,860,1995
3721523,Offenses against family and children,142900,94710,44640,1480,2060,1995
7202181,Driving under the influence,1436000,1242890,153380,22820,16910,1995
2490855,Liquor laws,594900,483520,93230,14010,4140,1995
5414766,Drunkenness,708100,575590,112270,17810,2440,1995
9262423,Disorderly conduct,748600,472160,262670,9440,4340,1995
4889159,Vagrancy,25900,13950,11200,640,110,1995
7485776,All other offenses,3865400,2478670,1304870,42170,39700,1995
745738,Curfew and loitering law violations,149800,114970,30310,2060,2460,1995
7718565,Runaways,249500,,,,,1995
183699,Murder and nonnegligent manslaughter,13190,6350,6540,140,160,2003
3665206,Forcible rape,26350,16690,8970,360,320,2003
8385719,Robbery,107553,46540,59130,690,1200,2003
9607114,Aggravated assault,449933,286020,153420,5130,5370,2003
3902455,Burglary,290956,204130,80780,2990,3060,2003
9977186,Larceny-theft,1145074,777680,335940,14120,17330,2003
4409857,Motor vehicle theft,152934,93780,54820,1560,2780,2003
5934052,Arson,16163,12450,3440,150,120,2003
7751198,Other assaults,1246698,816370,399750,16250,14340,2003
4154770,Forgery and counterfeiting,111823,77050,32840,620,1310,2003
1096602,Fraud,299138,203420,92220,1610,1890,2003
2198012,Embezzlement,16826,11420,5080,90,240,2003
1401096,Stolen property (buying or receiving or possessing),126775,75880,48640,910,1340,2003
2859284,Vandalism,273431,206030,60450,3830,3130,2003
5549457,Weapons (carrying or possessing or etc.),167972,102640,62260,1190,1880,2003
7267617,Prostitution and commercialized vice,75190,43670,29420,410,1690,2003
7480264,Sex offenses (except forcible rape and prostitution),91546,66760,22530,1010,1250,2003
6038051,Drug abuse violations,1678192,1097610,557170,10620,12790,2003
9926806,Gambling,10954,2880,7690,20,360,2003
7730783,Offenses against family and children,136034,91030,41680,1720,1610,2003
9349054,Driving under the influence,1448148,1272640,139770,21300,14440,2003
9967127,Liquor laws,612079,531520,57970,16520,6070,2003
7215644,Drunkenness,548616,458240,73300,14060,3030,2003
6761709,Disorderly conduct,639371,419250,205670,9570,4880,2003
8490468,Vagrancy,28948,16440,11780,510,220,2003
4553088,All other offenses,3665543,2441830,1121460,52470,49780,2003
7354208,Curfew and loitering law violations,136461,92020,41510,1070,1870,2003
2811020,Runaways,123581,,,,,2003
622417,Murder and nonnegligent manslaughter,14158,6680,7170,140,170,2002
4383906,Forcible rape,28288,17790,9790,340,370,2002
4690145,Robbery,105774,45650,58320,610,1190,2002
7496822,Aggravated assault,472290,297380,163890,5490,5530,2002
2226477,Burglary,288291,201280,81060,2680,3270,2002
9747478,Larceny-theft,1160085,782040,345190,14260,18590,2002
9254988,Motor vehicle theft,148943,87710,56580,1600,3060,2002
3959166,Arson,16635,12680,3670,140,150,2002
2088180,Other assaults,1288682,850480,407520,16310,14380,2002
3377413,Forgery and counterfeiting,115735,79230,34190,630,1690,2002
1142357,Fraud,337404,229000,104270,1840,2290,2002
6637723,Embezzlement,18552,12570,5600,90,280,2002
5656758,Stolen property (buying or receiving or possessing),126422,74220,49980,860,1360,2002
1039151,Vandalism,276697,209240,60660,3780,3020,2002
9396439,Weapons (carrying or possessing or etc.),164446,100600,60760,1220,1860,2002
942188,Prostitution and commercialized vice,79733,45530,31980,490,1750,2002
3557644,Sex offenses (except forcible rape and prostitution),95066,70420,22340,940,1370,2002
9235541,Drug abuse violations,1538813,997630,519890,9520,11780,2002
4248931,Gambling,10506,2940,6930,70,570,2002
6607242,Offenses against family and children,140286,95650,40850,1670,2120,2002
9428955,Driving under the influence,1461746,1280230,145280,22450,13780,2002
1289497,Liquor laws,653819,569400,61280,16740,6410,2002
4286822,Drunkenness,572735,477810,78260,13830,2840,2002
1658625,Disorderly conduct,669938,445310,208940,10720,4960,2002
6403524,Vagrancy,27295,16630,9890,570,210,2002
3852397,All other offenses,3662159,2440780,1118590,51720,51070,2002
8189929,Curfew and loitering law violations,141252,96900,40570,1590,2190,2002
4864192,Runaways,125688,,,,,2002
6020991,Murder and nonnegligent manslaughter,13653,6470,6830,170,180,2001
9490360,Forcible rape,27270,16880,9710,300,380,2001
4046359,Robbery,108400,46530,59980,580,1310,2001
3303521,Aggravated assault,477809,301160,165230,5250,6170,2001
8129813,Burglary,291444,202230,83020,3000,3190,2001
7416593,Larceny-theft,1160821,766570,362370,14300,17580,2001
7935638,Motor vehicle theft,147451,85690,57720,1440,2600,2001
8261976,Arson,18749,14420,3970,190,180,2001
5426960,Other assaults,1315807,866020,417530,17630,14630,2001
3666504,Forgery and counterfeiting,113741,75170,35720,650,2200,2001
7463385,Fraud,323308,215400,103300,1770,2840,2001
7039841,Embezzlement,20157,13250,6500,100,310,2001
1683467,Stolen property (buying or receiving or possessing),121972,70330,49410,880,1360,2001
4053268,Vandalism,270645,202570,61710,3530,2840,2001
5238104,Weapons (carrying or possessing or etc.),165896,99380,63530,1180,1800,2001
464439,Prostitution and commercialized vice,80854,45980,32400,420,2050,2001
8416872,Sex offenses (except forcible rape and prostitution),91828,66740,22790,950,1350,2001
8095094,Drug abuse violations,1586902,1014110,552380,8820,11590,2001
1899755,Gambling,11112,4510,6210,10,380,2001
5902910,Offenses against family and children,143683,96580,43460,1650,2000,2001
796980,Driving under the influence,1434852,1261740,140090,19940,13090,2001
9771410,Liquor laws,610591,477530,116400,12600,4050,2001
8241425,Drunkenness,618668,519760,81210,14720,2970,2001
3395548,Disorderly conduct,621394,398220,210710,8150,4310,2001
9909310,Vagrancy,27935,16390,10830,560,150,2001
1443741,All other offenses,3618164,2351070,1179860,44760,42470,2001
1209561,Curfew and loitering law violations,142889,102670,36710,1410,2110,2001
8164459,Runaways,133259,,,,,2001
5150890,Murder and nonnegligent manslaughter,13227,6060,6860,140,170,2000
568033,Forcible rape,27469,17150,9710,320,280,2000
9124886,Robbery,106130,44870,59190,640,1420,2000
6199430,Aggravated assault,478417,299910,166310,5840,6360,2000
7496072,Burglary,289844,200790,82740,3050,3270,2000
4928712,Larceny-theft,1166362,773630,359010,15410,18310,2000
7335201,Motor vehicle theft,148225,84420,59430,1820,2560,2000
882813,Arson,16530,12500,3710,170,150,2000
1645310,Other assaults,1312169,864050,415900,18130,14090,2000
1040788,Forgery and counterfeiting,108654,72130,34190,670,1670,2000
6693002,Fraud,345732,224490,116390,1890,2970,2000
7687361,Embezzlement,18952,12020,6490,120,330,2000
2657844,Stolen property (buying or receiving or possessing),118641,67380,49010,950,1310,2000
2094817,Vandalism,281305,213030,61390,3840,3050,2000
3744897,Weapons (carrying or possessing or etc.),159181,95810,60170,1280,1930,2000
865813,Prostitution and commercialized vice,87620,50790,34190,680,1960,2000
569523,Sex offenses (except forcible rape and prostitution),93399,68900,22230,1030,1240,2000
6360546,Drug abuse violations,1579566,1005850,553910,9130,10680,2000
3326514,Gambling,10842,4800,5640,40,370,2000
748251,Offenses against family and children,147663,99080,44930,1650,2010,2000
4709984,Driving under the influence,1471289,1295860,141060,21630,12750,2000
4318593,Liquor laws,683124,540600,123090,15440,3990,2000
1375693,Drunkenness,637554,534270,85440,14810,3030,2000
2773008,Disorderly conduct,638740,413700,212500,8570,3980,2000
7958711,Vagrancy,32542,17280,14420,660,180,2000
2955538,All other offenses,3710434,2389810,1233420,46430,40780,2000
8208409,Curfew and loitering law violations,154711,113340,36400,2070,2900,2000
9699200,Runaways,141975,,,,,2000
